Date, Organic keywords: 1–3, Organic keywords: 4–10, Organic keywords: 11–20, Organic keywords: 21–50, Organic keywords: 51+
2026-02-19, 144, 205, 97, 95, 48
2026-02-20, 144, 204, 97, 95, 47
2026-02-21, 145, 205, 95, 96, 48
2026-02-22, 147, 204, 92, 96, 47
2026-02-23, 149, 204, 91, 93, 49
2026-02-24, 149, 205, 91, 92, 49
2026-02-25, 147, 205, 90, 94, 48
2026-02-26, 147, 203, 91, 93, 48
2026-02-27, 147, 204, 91, 95, 49
2026-02-28, 146, 204, 91, 98, 47
2026-03-01, 146, 203, 92, 99, 46
2026-03-02, 145, 200, 91, 103, 46
2026-03-03, 144, 199, 92, 104, 50
2026-03-04, 144, 199, 93, 101, 50
2026-03-05, 143, 198, 94, 101, 49
2026-03-06, 143, 195, 96, 98, 47
2026-03-07, 141, 197, 96, 97, 48
2026-03-08, 137, 197, 95, 101, 49
2026-03-09, 136, 197, 96, 102, 46
2026-03-10, 133, 197, 96, 102, 46
2026-03-11, 130, 196, 97, 103, 45
2026-03-12, 130, 196, 97, 104, 45
2026-03-13, 130, 195, 97, 104, 45
2026-03-14, 129, 194, 97, 104, 45
2026-03-15, 129, 194, 95, 103, 45
2026-03-16, 127, 193, 94, 100, 44
2026-03-17, 123, 189, 93, 99, 45
2026-03-18, 122, 187, 90, 101, 42
2026-03-19, 118, 180, 90, 101, 42
2026-03-20, 118, 179, 91, 100, 41
2026-03-21, 117, 177, 90, 100, 42
2026-03-22, 115, 174, 90, 98, 41
2026-03-23, 115, 168, 87, 98, 41
2026-03-24, 114, 165, 87, 98, 41
2026-03-25, 113, 155, 87, 98, 41
2026-03-26, 113, 150, 88, 97, 41
2026-03-27, 112, 142, 83, 97, 44
2026-03-28, 112, 139, 80, 96, 43
2026-03-29, 106, 134, 78, 93, 42
2026-03-30, 104, 125, 76, 90, 42
2026-03-31, 103, 121, 76, 90, 42
2026-04-01, 97, 120, 74, 88, 42
2026-04-02, 95, 119, 73, 88, 42
2026-04-03, 92, 116, 70, 88, 42
2026-04-04, 89, 105, 66, 88, 42
2026-04-05, 86, 101, 66, 86, 41
2026-04-06, 83, 97, 63, 84, 40
2026-04-07, 82, 90, 61, 82, 39
2026-04-08, 82, 88, 61, 82, 39
2026-04-09, 81, 76, 56, 81, 37
2026-04-10, 76, 72, 52, 78, 36
2026-04-11, 63, 63, 50, 74, 35
2026-04-12, 54, 62, 44, 68, 33
2026-04-13, 46, 56, 38, 60, 31
2026-04-14, 41, 53, 34, 57, 28
2026-04-15, 40, 50, 32, 57, 26
2026-04-16, 38, 42, 33, 57, 24
2026-04-17, 35, 41, 33, 58, 24
2026-04-18, 33, 39, 33, 54, 20
2026-04-19, 32, 36, 32, 51, 20
2026-04-20, 31, 35, 32, 47, 20
2026-04-21, 30, 34, 32, 46, 20
2026-04-22, 27, 31, 32, 44, 17
2026-04-23, 25, 27, 31, 44, 18
2026-04-24, 25, 26, 29, 40, 15
2026-04-25, 24, 25, 28, 39, 13
2026-04-26, 24, 21, 27, 40, 14
2026-04-27, 23, 21, 26, 39, 14
2026-04-28, 22, 21, 25, 37, 12
2026-04-29, 22, 19, 24, 38, 10
2026-04-30, 20, 19, 23, 38, 9
2026-05-01, 17, 18, 22, 35, 9
2026-05-02, 17, 18, 21, 36, 9
2026-05-03, 16, 20, 22, 35, 9
2026-05-04, 15, 19, 24, 32, 9
2026-05-05, 13, 21, 23, 31, 7
2026-05-06, 14, 20, 23, 24, 7
2026-05-07, 14, 22, 22, 23, 7
2026-05-08, 13, 26, 22, 22, 6
2026-05-09, 13, 28, 22, 20, 5
2026-05-10, 12, 28, 19, 18, 4
2026-05-11, 9, 30, 18, 18, 3
2026-05-12, 9, 31, 18, 18, 3
2026-05-13, 9, 31, 17, 18, 3
2026-05-14, 9, 34, 15, 16, 4
2026-05-15, 9, 34, 15, 14, 4
2026-05-16, 9, 33, 14, 15, 3
2026-05-17, 9, 33, 14, 13, 3
2026-05-18, 9, 33, 14, 14, 3
2026-05-19, 9, 34, 12, 14, 3
2026-05-20, 9, 35, 12, 16, 2
2026-05-21, 10, 35, 12, 16, 2
2026-05-22, 11, 35, 12, 16, 2
2026-05-23, 11, 35, 10, 17, 2
2026-05-24, 11, 35, 10, 17, 2
2026-05-25, 11, 35, 10, 17, 2
2026-05-26, 12, 33, 10, 17, 2
2026-05-27, 12, 33, 10, 17, 2
2026-05-28, 13, 33, 10, 18, 2
2026-05-29, 14, 33, 10, 18, 2
2026-05-30, 13, 34, 10, 18, 1
2026-05-31, 13, 34, 10, 18, 1
2026-06-01, 13, 34, 10, 20, 1
2026-06-02, 14, 35, 10, 20, 1
2026-06-03, 14, 35, 10, 21, 2
2026-06-04, 14, 35, 10, 20, 2
2026-06-05, 15, 36, 10, 19, 3
2026-06-06, 15, 39, 9, 20, 3
2026-06-07, 13, 40, 8, 19, 3
2026-06-08, 14, 41, 7, 18, 3
2026-06-09, 15, 41, 7, 17, 3
2026-06-10, 16, 43, 9, 17, 3
2026-06-11, 16, 43, 8, 18, 3
2026-06-12, 16, 40, 8, 17, 3
2026-06-13, 16, 38, 9, 15, 3
2026-06-14, 17, 38, 8, 15, 3
2026-06-15, 17, 40, 7, 14, 2
2026-06-16, 17, 39, 8, 14, 2
2026-06-17, 17, 37, 8, 14, 2
2026-06-18, 17, 37, 8, 15, 2
2026-06-19, 19, 37, 8, 15, 2
2026-06-20, 19, 37, 8, 14, 2
2026-06-21, 19, 39, 8, 14, 2
2026-06-22, 19, 40, 8, 15, 2
2026-06-23, 19, 40, 8, 15, 2
2026-06-24, 19, 40, 9, 15, 2
2026-06-25, 18, 38, 9, 16, 1
2026-06-26, 20, 37, 9, 16, 0
2026-06-27, 20, 37, 9, 16, 0
2026-06-28, 20, 36, 9, 15, 0
2026-06-29, 20, 35, 9, 15, 0
2026-06-30, 19, 36, 8, 17, 0
2026-07-01, 21, 36, 7, 16, 0
2026-07-02, 21, 36, 7, 16, 0
2026-07-03, 22, 36, 7, 16, 0
2026-07-04, 23, 35, 6, 17, 0
2026-07-05, 23, 37, 6, 15, 0
2026-07-06, 24, 36, 6, 15, 0
2026-07-07, 25, 36, 6, 15, 0
2026-07-08, 23, 36, 6, 15, 0
2026-07-09, 23, 36, 6, 13, 0
2026-07-10, 23, 35, 6, 13, 0
2026-07-11, 22, 38, 5, 15, 0
2026-07-12, 22, 37, 5, 15, 0
2026-07-13, 21, 35, 6, 14, 0
2026-07-14, 20, 36, 8, 16, 0
2026-07-15, 20, 35, 8, 16, 0
2026-07-16, 18, 35, 9, 17, 0
2026-07-17, 19, 34, 8, 17, 0
2026-07-18, 18, 37, 8, 18, 0
2026-07-19, 19, 37, 8, 16, 0
2026-07-20, 20, 37, 10, 17, 0
2026-07-21, 20, 39, 11, 16, 0
2026-07-22, 21, 40, 11, 18, 0
2026-07-23, 21, 42, 12, 18, 0
2026-07-24, 19, 44, 14, 18, 0
2026-07-25, 19, 44, 13, 18, 0
2026-07-26, 19, 44, 13, 18, 0
2026-07-27, 19, 45, 13, 16, 0
2026-07-28, 18, 45, 11, 13, 0
2026-07-29, 18, 45, 10, 13, 0
2026-07-30, 17, 46, 10, 13, 0
2026-07-31, 18, 46, 10, 13, 0
2026-08-01, 18, 46, 10, 11, 0
2026-08-02, 19, 45, 10, 10, 0
2026-08-03, 17, 46, 11, 9, 0
2026-08-04, 17, 46, 11, 8, 0
2026-08-05, 17, 47, 11, 7, 0
2026-08-06, 17, 48, 11, 7, 0
2026-08-07, 16, 49, 12, 8, 0
2026-08-08, 16, 49, 11, 9, 0
2026-08-09, 14, 50, 12, 8, 0
2026-08-10, 13, 51, 12, 9, 0
2026-08-11, 12, 51, 11, 10, 0
2026-08-12, 12, 50, 11, 10, 0
2026-08-13, 12, 50, 11, 10, 0
2026-08-14, 12, 50, 11, 10, 0
2026-08-15, 11, 51, 11, 10, 0
2026-08-16, 11, 50, 11, 10, 0
2026-08-17, 11, 51, 11, 10, 0
2026-08-18, 11, 53, 10, 10, 0
2026-08-19, 11, 54, 10, 10, 0